[
  {
    "gesellschaft": "SUELZLE",
    "standort": "Aichach",
    "plz": "86551",
    "adresse": "Robert-Koch-Straße 11, 86551 Aichach",
    "telefon": "+49 8251 90443-0",
    "email": "aichach@suelzle-stahlpartner.de",
    "coords": [11.1308, 48.4593]
  },
  {
    "gesellschaft": "SUELZLE",
    "standort": "Bad Schönborn",
    "plz": "76669",
    "adresse": "Industriestraße 2, 76669 Bad Schönborn",
    "telefon": "+49 7253 9431-0",
    "email": "bad-schoenborn@suelzle-stahlpartner.de",
    "coords": [8.6432, 49.2015]
  },
  {
    "gesellschaft": "SUELZLE",
    "standort": "Denkendorf",
    "plz": "73770",
    "adresse": "Köngener Straße 13, 73770 Denkendorf",
    "telefon": "+49 711 934932-0",
    "email": "denkendorf@suelzle-stahlpartner.de",
    "coords": [9.3124, 48.7021]
  },
  {
    "gesellschaft": "SUELZLE",
    "standort": "Dessau-Roßlau",
    "plz": "06862",
    "adresse": "An der Fine 12, 06862 Dessau-Roßlau",
    "telefon": "+49 34901 506-0",
    "email": "dessau-rosslau@suelzle-stahlpartner.de",
    "coords": [12.2452, 51.8841]
  },
  {
    "gesellschaft": "SUELZLE",
    "standort": "Dornstetten",
    "plz": "72280",
    "adresse": "Gewerbestraße 15, 72280 Dornstetten",
    "telefon": "+49 7443 2404-0",
    "email": "dornstetten@suelzle-stahlpartner.de",
    "coords": [8.5082, 48.4654]
  },
  {
    "gesellschaft": "SUELZLE",
    "standort": "Dußlingen",
    "plz": "72144",
    "adresse": "Im Steinig 65, 72144 Dußlingen",
    "telefon": "+49 7072 9109-0",
    "email": "dusslingen@suelzle-stahlpartner.de",
    "coords": [9.0612, 48.4512]
  },
  {
    "gesellschaft": "SUELZLE",
    "standort": "Göppingen",
    "plz": "73033",
    "adresse": "Heininger Straße 38, 73037 Göppingen",
    "telefon": "+49 7161 6103-0",
    "email": "goeppingen@suelzle-stahlpartner.de",
    "coords": [9.6542, 48.7021]
  },
  {
    "gesellschaft": "SUELZLE",
    "standort": "Lübeck",
    "plz": "23554",
    "adresse": "Bei der Gasanstalt 2, 23560 Lübeck",
    "telefon": "+49 451 4504-0",
    "email": "luebeck@suelzle-stahlpartner.de",
    "coords": [10.6865, 53.8655]
  },
  {
    "gesellschaft": "SUELZLE",
    "standort": "München",
    "plz": "81245",
    "adresse": "Bodenseestraße 211, 81243 München",
    "telefon": "+49 89 89745-0",
    "email": "muenchen@suelzle-stahlpartner.de",
    "coords": [11.4252, 48.1454]
  },
  {
    "gesellschaft": "SUELZLE",
    "standort": "Nordhausen",
    "plz": "99734",
    "adresse": "Uthleber Weg 25, 99734 Nordhausen",
    "telefon": "+49 3631 4753-0",
    "email": "nordhausen@suelzle-stahlpartner.de",
    "coords": [10.7952, 51.5012]
  },
  {
    "gesellschaft": "SUELZLE",
    "standort": "Pforzheim",
    "plz": "75179",
    "adresse": "Wilhelm-Becker-Straße 15, 75179 Pforzheim",
    "telefon": "+49 7231 15417-0",
    "email": "pforzheim@suelzle-stahlpartner.de",
    "coords": [8.7021, 48.8952]
  },
  {
    "gesellschaft": "SUELZLE",
    "standort": "Pressath",
    "plz": "92690",
    "adresse": "Grafenwöhrer Straße 50, 92690 Pressath",
    "telefon": "+49 9644 6891-0",
    "email": "pressath@suelzle-stahlpartner.de",
    "coords": [11.9321, 49.7621]
  },
  {
    "gesellschaft": "SUELZLE",
    "standort": "Ransbach-Baumbach",
    "plz": "56235",
    "adresse": "Sälzerstraße 1, 56235 Ransbach-Baumbach",
    "telefon": "+49 2623 9289-0",
    "email": "ransbach@suelzle-stahlpartner.de",
    "coords": [7.7252, 50.4654]
  },
  {
    "gesellschaft": "SUELZLE",
    "standort": "Rosenfeld",
    "plz": "72348",
    "adresse": "Hirscheckstraße 5, 72348 Rosenfeld",
    "telefon": "+49 7428 9414-0",
    "email": "rosenfeld@suelzle-stahlpartner.de",
    "coords": [8.7252, 48.2865]
  },
  {
    "gesellschaft": "SUELZLE",
    "standort": "Schwendi",
    "plz": "88477",
    "adresse": "Gutenzeller Straße 10, 88477 Schwendi",
    "telefon": "+49 7353 9802-0",
    "email": "schwendi@suelzle-stahlpartner.de",
    "coords": [9.9752, 48.1821]
  },
  {
    "gesellschaft": "SUELZLE",
    "standort": "Seelze",
    "plz": "30926",
    "adresse": "Werftstraße 7, 30926 Seelze",
    "telefon": "+49 511 48805-0",
    "email": "seelze@suelzle-stahlpartner.de",
    "coords": [9.5982, 52.3965]
  },
  {
    "gesellschaft": "SUELZLE",
    "standort": "Stockach",
    "plz": "78333",
    "adresse": "Aachtalstraße 6, 78333 Stockach",
    "telefon": "+49 7771 9308-0",
    "email": "stockach@suelzle-stahlpartner.de",
    "coords": [9.0124, 47.8542]
  },
  {
    "gesellschaft": "Kerschgens",
    "standort": "Stolberg",
    "plz": "52222",
    "adresse": "Zinkhütter Hof 10, 52222 Stolberg",
    "telefon": "+49 2402 1201-0",
    "email": "bloetsch@kerschgens.de",
    "coords": [6.2321, 50.7712]
  },
  {
    "gesellschaft": "Kerschgens",
    "standort": "Bitburg",
    "plz": "54634",
    "adresse": "Dieselstraße 4, 54634 Bitburg",
    "telefon": "+49 6561 6005-0",
    "email": "ernzerhof@kerschgens.de",
    "coords": [6.5252, 49.9742]
  },
  {
    "gesellschaft": "Kerschgens",
    "standort": "Würselen",
    "plz": "52146",
    "adresse": "Monnetstraße 5, 52146 Würselen",
    "telefon": "+49 2405 4505-0",
    "email": "feinen@kerschgens.de",
    "coords": [6.1321, 50.8254]
  },
  {
    "gesellschaft": "Lotter",
    "standort": "Lotter Ludwigsburg",
    "plz": "71636",
    "adresse": "Waldäckerstraße 15, 71636 Ludwigsburg",
    "telefon": "+49 7141 406-0",
    "email": "betonstahl@lotter.de",
    "coords": [9.1824, 48.8952]
  },
  {
    "gesellschaft": "Lotter",
    "standort": "Lotter Gaggenau",
    "plz": "76571",
    "adresse": "Hildastraße 31, 76571 Gaggenau",
    "telefon": "+49 7225 682-0",
    "email": "nl.gaggenau@lotter.de",
    "coords": [8.3121, 48.8042]
  },
  {
    "gesellschaft": "Lotter",
    "standort": "Lotter Glauchau",
    "plz": "08371",
    "adresse": "Am Lungwitzbach 1, 08371 Glauchau",
    "telefon": "+49 3763 6081-0",
    "email": "nl.glauchau@lotter.de",
    "coords": [12.6321, 50.8121]
  },
  {
    "gesellschaft": "Lotter",
    "standort": "Lotter Ingersheim",
    "plz": "74379",
    "adresse": "Pleidelsheimer Straße 31, 74379 Ingersheim",
    "telefon": "+49 7142 9741-0",
    "email": "nl.ingersheim@lotter.de",
    "coords": [9.1892, 48.9582]
  },
  {
    "gesellschaft": "Lotter",
    "standort": "C. Schrade Neckarsulm",
    "plz": "74172",
    "adresse": "Rötelstraße 17, 74172 Neckarsulm",
    "telefon": "+49 7132 322-0",
    "email": "info@schrade.de",
    "coords": [9.2221, 49.1921]
  },
  {
    "gesellschaft": "Lotter",
    "standort": "Lotter Oschatz",
    "plz": "04758",
    "adresse": "Wermsdorfer Straße 44, 04758 Oschatz",
    "telefon": "+49 3435 9021-0",
    "email": "nl.oschatz@lotter.de",
    "coords": [13.1121, 51.2982]
  },
  {
    "gesellschaft": "Lotter",
    "standort": "Lotter Würzburg",
    "plz": "97080",
    "adresse": "Veitshöchheimer Straße 20, 97080 Würzburg",
    "telefon": "+49 931 4602-0",
    "email": "nl.wuerzburg@lotter.de",
    "coords": [9.9252, 49.7982]
  },
  {
    "gesellschaft": "Lotter",
    "standort": "Lotter-Kummetat Frankfurt",
    "plz": "60487",
    "adresse": "Kasseler Straße 1, 60486 Frankfurt am Main",
    "telefon": "+49 69 793006-0",
    "email": "stahl@kummetat.de",
    "coords": [8.6432, 50.1182]
  },
  {
    "gesellschaft": "Lotter",
    "standort": "Lotter Frankfurt (Gutleutstr.)",
    "plz": "60327",
    "adresse": "Gutleutstraße 344, 60327 Frankfurt am Main",
    "telefon": "+49 69 242605-0",
    "email": "nl.frankfurt@lotter.de",
    "coords": [8.6512, 50.0982]
  },
  {
    "gesellschaft": "ATG Deutschland GmbH",
    "standort": "Mülheim an der Ruhr",
    "plz": "45478",
    "adresse": "Rheinstraße 102, 45478 Mülheim an der Ruhr",
    "telefon": "+49 208 58000-0",
    "email": "germany@atg-steel.com",
    "coords": [6.8452, 51.4252]
  },
  {
    "gesellschaft": "ATG Deutschland GmbH",
    "standort": "Monheim",
    "plz": "40789",
    "adresse": "Am Knipprather Busch 12, 40789 Monheim am Rhein",
    "telefon": "+49 2173 10639-0",
    "email": "germany@atg-steel.com",
    "coords": [6.8952, 51.1012]
  },
  {
    "gesellschaft": "ATG Deutschland GmbH",
    "standort": "Niemegk",
    "plz": "14823",
    "adresse": "Industriestraße 1, 14823 Niemegk",
    "telefon": "+49 33843 621-0",
    "email": "germany@atg-steel.com",
    "coords": [12.6865, 52.0712]
  },
  {
    "gesellschaft": "ATG Deutschland GmbH",
    "standort": "Schwerin",
    "plz": "19061",
    "adresse": "Werkstraße 200, 19061 Schwerin",
    "telefon": "+49 385 64402-0",
    "email": "germany@atg-steel.com",
    "coords": [11.3982, 53.5952]
  },
  {
    "gesellschaft": "ATG Deutschland GmbH",
    "standort": "Rostock",
    "plz": "18147",
    "adresse": "Am Kayenmühlengraben 1, 18147 Rostock",
    "telefon": "+49 381 66611-0",
    "email": "germany@atg-steel.com",
    "coords": [12.1542, 54.1214]
  },
  {
    "gesellschaft": "ATG Deutschland GmbH",
    "standort": "Wismar",
    "plz": "23970",
    "adresse": "Haffburg 3, 23970 Wismar",
    "telefon": "+49 3841 22405-0",
    "email": "germany@atg-steel.com",
    "coords": [11.4654, 53.8952]
  },
  {
    "gesellschaft": "Kicherer",
    "standort": "Kicherer Ellwangen",
    "plz": "73479",
    "adresse": "Kilianstraße 12, 73479 Ellwangen (Jagst)",
    "telefon": "+49 7961 885-0",
    "email": "info@kicherer.de",
    "coords": [10.1324, 48.9621]
  },
  {
    "gesellschaft": "Huse&Phillip",
    "standort": "Braunschweig (Hauptstandort)",
    "plz": "38110",
    "adresse": "Hansestraße 60, 38112 Braunschweig",
    "telefon": "+49 531 31011-0",
    "email": "info@hp-stahl.de",
    "coords": [10.5124, 52.3121]
  },
  {
    "gesellschaft": "Huse&Phillip",
    "standort": "Calbe",
    "plz": "39240",
    "adresse": "Arnethstraße 2, 39240 Calbe (Saale)",
    "telefon": "+49 39291 56-0",
    "email": "info@hp-stahl.de",
    "coords": [11.7821, 51.9012]
  },
  {
    "gesellschaft": "Huse&Phillip",
    "standort": "Wiesenburg",
    "plz": "14827",
    "adresse": "Am Bahnhof 1, 14827 Wiesenburg/Mark",
    "telefon": "+49 33849 795-0",
    "email": "info@hp-stahl.de",
    "coords": [12.4542, 52.1154]
  },
  {
    "gesellschaft": "Huse&Phillip",
    "standort": "Magdeburg",
    "plz": "39126",
    "adresse": "August-Bebel-Damm 14, 39126 Magdeburg",
    "telefon": "+49 391 50676-0",
    "email": "info@hp-stahl.de",
    "coords": [11.6682, 52.1952]
  },
  {
    "gesellschaft": "Huse&Phillip",
    "standort": "Berlin",
    "plz": "13591",
    "adresse": "Staakener Straße 28, 13581 Berlin",
    "telefon": "+49 30 330005-0",
    "email": "info@hp-stahl.de",
    "coords": [13.1892, 52.5321]
  },
  {
    "gesellschaft": "Eberhardt",
    "standort": "Riedlingen",
    "plz": "88499",
    "adresse": "Gammertinger Straße 26, 88499 Riedlingen",
    "telefon": "+49 7371 9504-0",
    "email": "info@eberhardt-bewehrungsbau.de",
    "coords": [9.4752, 48.1512]
  },
  {
    "gesellschaft": "Eberhardt",
    "standort": "Schömberg",
    "plz": "72355",
    "adresse": "Schafhausstraße 15, 72355 Schömberg",
    "telefon": "+49 7427 9405-0",
    "email": "info@eberhardt-bewehrungsbau.de",
    "coords": [8.7652, 48.2121]
  },
  {
    "gesellschaft": "BBW Weißenfels",
    "standort": "Weißenfels",
    "plz": "06667",
    "adresse": "Lützener Straße 96, 06667 Weißenfels",
    "telefon": "+49 3443 332-0",
    "email": "j.labonte@bbw-weissenfels.de",
    "coords": [11.9742, 51.2012]
  },
  {
    "gesellschaft": "Betonstahl Leipzig",
    "standort": "Markranstädt (Großlehna)",
    "plz": "04420",
    "adresse": "Schwedenstraße 1, 04420 Markranstädt",
    "telefon": "+49 34205 723-0",
    "email": "verkauf@betonstahl-leipzig.de",
    "coords": [12.1824, 51.3052]
  },
  {
    "gesellschaft": "Fenne Stahl",
    "standort": "Dorsten",
    "plz": "46282",
    "adresse": "Lünsingskuhle 50, 46282 Dorsten",
    "telefon": "+49 2362 2001-0",
    "email": "info@fenne.de",
    "coords": [6.9652, 51.6582]
  },
  {
    "gesellschaft": "Blumenstock",
    "standort": "Waiblingen",
    "plz": "71336",
    "adresse": "Schüttelgrabenring 14, 71336 Waiblingen",
    "telefon": "+49 7151 95930-0",
    "email": "buero@blumenstock-wn.de",
    "coords": [9.3321, 48.8321]
  },
  {
    "gesellschaft": "Blumenstock",
    "standort": "Hüttlingen",
    "plz": "73460",
    "adresse": "Kocherstraße 25, 73460 Hüttlingen",
    "telefon": "+49 7361 9775-0",
    "email": "buero@blumenstock-aa.de",
    "coords": [10.1012, 48.8952]
  },
  {
    "gesellschaft": "BHB Betonstahlhandel und Biegebetrieb GmbH",
    "standort": "March-Hugstetten",
    "plz": "79232",
    "adresse": "Benzstraße 2, 79232 March",
    "telefon": "+49 7665 93455-0",
    "email": "info@bhb-stahl.de",
    "coords": [7.7852, 48.0452]
  },
  {
    "gesellschaft": "SCR GmbH (Stahlcenter Riesa)",
    "standort": "Glaubitz",
    "plz": "01612",
    "adresse": "Industriestraße A 11, 01612 Glaubitz",
    "telefon": "+49 35265 52-0",
    "email": "info@scr-gmbh.de",
    "coords": [13.3852, 51.3252]
  },
  {
    "gesellschaft": "TSG Trebbin",
    "standort": "Butzbach",
    "plz": "35510",
    "adresse": "In der Albach 12, 35510 Butzbach",
    "telefon": "+49 6033 9745-0",
    "email": "info@tsg-trebbin.de",
    "coords": [8.6682, 50.4354]
  },
  {
    "gesellschaft": "TSG Trebbin",
    "standort": "Zwickau",
    "plz": "08056",
    "adresse": "Reichenbacher Straße 152, 08056 Zwickau",
    "telefon": "+49 375 30353-0",
    "email": "info@tsg-trebbin.de",
    "coords": [12.4752, 50.7121]
  },
  {
    "gesellschaft": "TSG Trebbin",
    "standort": "Trebbin (Hauptsitz)",
    "plz": "14959",
    "adresse": "Ebelstraße 25, 14959 Trebbin",
    "telefon": "+49 33731 322-0",
    "email": "info@tsg-trebbin.de",
    "coords": [13.2124, 52.2154]
  },
  {
    "gesellschaft": "Stahlform GmbH & Co. KG",
    "standort": "Crossen an der Elster",
    "plz": "07613",
    "adresse": "An der Elster 1, 07613 Crossen an der Elster",
    "telefon": "+49 36693 481-0",
    "email": "vertrieb@stahlform.de",
    "coords": [12.0124, 50.9742]
  },
  {
    "gesellschaft": "Stahlform GmbH & Co. KG",
    "standort": "Kitzingen",
    "plz": "97318",
    "adresse": "August-Gauer-Straße 9, 97318 Kitzingen",
    "telefon": "+49 9321 9188-0",
    "email": "vertrieb@stahlform.de",
    "coords": [10.1652, 49.7452]
  },
  {
    "gesellschaft": "BAG",
    "standort": "Mannheim",
    "plz": "68219",
    "adresse": "Rheinauhafen, 68219 Mannheim",
    "telefon": "+49 621 87802-0",
    "email": "kontakt@bag-mannheim.de",
    "coords": [8.5124, 49.4321]
  },
  {
    "gesellschaft": "BAG",
    "standort": "Königs Wusterhausen",
    "plz": "15713",
    "adresse": "Hafengelände, 15711 Königs Wusterhausen",
    "telefon": "+49 3375 2586-0",
    "email": "kontakt@bag-berlin.de",
    "coords": [13.6252, 52.2982]
  },
  {
    "gesellschaft": "BAG",
    "standort": "Magstadt",
    "plz": "71106",
    "adresse": "Gutenbergstraße 20, 71106 Magstadt",
    "telefon": "+49 7159 405-0",
    "email": "kontakt@sag-magstadt.de",
    "coords": [8.9652, 48.7452]
  }
]
